{
    "extends": "./configs/base.json",
    "rules": {
        "@typescript-eslint/adjacent-overload-signatures": "error",
        "@typescript-eslint/array-type": "error",
        "@typescript-eslint/await-thenable": "error",
        "@typescript-eslint/ban-ts-ignore": "error",
        "@typescript-eslint/ban-types": "error",
        "brace-style": "off",
        "@typescript-eslint/brace-style": "error",
        "camelcase": "off",
        "@typescript-eslint/camelcase": "error",
        "@typescript-eslint/class-name-casing": "error",
        "@typescript-eslint/consistent-type-assertions": "error",
        "@typescript-eslint/consistent-type-definitions": "error",
        "@typescript-eslint/explicit-function-return-type": "error",
        "@typescript-eslint/explicit-member-accessibility": "error",
        "func-call-spacing": "off",
        "@typescript-eslint/func-call-spacing": "error",
        "@typescript-eslint/generic-type-naming": "error",
        "indent": "off",
        "@typescript-eslint/indent": "error",
        "@typescript-eslint/interface-name-prefix": "error",
        "@typescript-eslint/member-delimiter-style": "error",
        "@typescript-eslint/member-naming": "error",
        "@typescript-eslint/member-ordering": "error",
        "no-array-constructor": "off",
        "@typescript-eslint/no-array-constructor": "error",
        "no-empty-function": "off",
        "@typescript-eslint/no-empty-function": "error",
        "@typescript-eslint/no-empty-interface": "error",
        "@typescript-eslint/no-explicit-any": "error",
        "no-extra-parens": "off",
        "@typescript-eslint/no-extra-parens": "error",
        "@typescript-eslint/no-extraneous-class": "error",
        "@typescript-eslint/no-floating-promises": "error",
        "@typescript-eslint/no-for-in-array": "error",
        "@typescript-eslint/no-inferrable-types": "error",
        "no-magic-numbers": "off",
        "@typescript-eslint/no-magic-numbers": "error",
        "@typescript-eslint/no-misused-new": "error",
        "@typescript-eslint/no-misused-promises": "error",
        "@typescript-eslint/no-namespace": "error",
        "@typescript-eslint/no-non-null-assertion": "error",
        "@typescript-eslint/no-parameter-properties": "error",
        "@typescript-eslint/no-require-imports": "error",
        "@typescript-eslint/no-this-alias": "error",
        "@typescript-eslint/no-type-alias": "error",
        "@typescript-eslint/no-unnecessary-condition": "error",
        "@typescript-eslint/no-unnecessary-qualifier": "error",
        "@typescript-eslint/no-unnecessary-type-arguments": "error",
        "@typescript-eslint/no-unnecessary-type-assertion": "error",
        "no-unused-vars": "off",
        "@typescript-eslint/no-unused-vars": "error",
        "no-use-before-define": "off",
        "@typescript-eslint/no-use-before-define": "error",
        "no-useless-constructor": "off",
        "@typescript-eslint/no-useless-constructor": "error",
        "@typescript-eslint/no-var-requires": "error",
        "@typescript-eslint/prefer-for-of": "error",
        "@typescript-eslint/prefer-function-type": "error",
        "@typescript-eslint/prefer-includes": "error",
        "@typescript-eslint/prefer-namespace-keyword": "error",
        "@typescript-eslint/prefer-readonly": "error",
        "@typescript-eslint/prefer-regexp-exec": "error",
        "@typescript-eslint/prefer-string-starts-ends-with": "error",
        "@typescript-eslint/promise-function-async": "error",
        "quotes": "off",
        "@typescript-eslint/quotes": "error",
        "@typescript-eslint/require-array-sort-compare": "error",
        "require-await": "off",
        "@typescript-eslint/require-await": "error",
        "@typescript-eslint/restrict-plus-operands": "error",
        "semi": "off",
        "@typescript-eslint/semi": "error",
        "@typescript-eslint/strict-boolean-expressions": "error",
        "@typescript-eslint/triple-slash-reference": "error",
        "@typescript-eslint/type-annotation-spacing": "error",
        "@typescript-eslint/typedef": "error",
        "@typescript-eslint/unbound-method": "error",
        "@typescript-eslint/unified-signatures": "error"
    }
}
